{
  "content": {
    "_creators": null,
    "architecture": 64,
    "base_exec_prefix": "/nix/store/qlb1pg370bb647nj4dhc81y2jszvciz7-python3-3.10.16",
    "base_prefix": "/nix/store/qlb1pg370bb647nj4dhc81y2jszvciz7-python3-3.10.16",
    "distutils_install": {
      "data": "",
      "headers": "include/python3.10/UNKNOWN",
      "platlib": "lib/python3.10/site-packages",
      "purelib": "lib/python3.10/site-packages",
      "scripts": "bin"
    },
    "exec_prefix": "/nix/store/qlb1pg370bb647nj4dhc81y2jszvciz7-python3-3.10.16",
    "executable": "/nix/store/qlb1pg370bb647nj4dhc81y2jszvciz7-python3-3.10.16/bin/python3.10",
    "file_system_encoding": "utf-8",
    "has_venv": true,
    "implementation": "CPython",
    "max_size": 9223372036854775807,
    "original_executable": "/nix/store/qlb1pg370bb647nj4dhc81y2jszvciz7-python3-3.10.16/bin/python3.10",
    "os": "posix",
    "path": [
      "/nix/store/ip24lpdbfnk463sk8nh8z71wrwjks419-poetry-in-venv/env/lib/python3.10/site-packages/virtualenv/discovery",
      "/nix/store/wjh5dp8cqvlaxs7yxmy9amn19d54r9nb-sitecustomize/lib/python/site-packages",
      "/nix/store/izqbpf8fkd2741sqwdca4a9kfy3ss2dx-python3.10-pip-24.0/lib/python3.10/site-packages",
      "/nix/store/qlb1pg370bb647nj4dhc81y2jszvciz7-python3-3.10.16/lib/python310.zip",
      "/nix/store/qlb1pg370bb647nj4dhc81y2jszvciz7-python3-3.10.16/lib/python3.10",
      "/nix/store/qlb1pg370bb647nj4dhc81y2jszvciz7-python3-3.10.16/lib/python3.10/lib-dynload",
      "/home/runner/workspace/.pythonlibs/lib/python3.10/site-packages",
      "/nix/store/qlb1pg370bb647nj4dhc81y2jszvciz7-python3-3.10.16/lib/python3.10/site-packages",
      "/home/runner/workspace/.pythonlibs/lib/python3.10/site-packages",
      "/nix/store/9ym4wlfl13w339g1jqpgp9llwrqml3jx-python3.10-setuptools-75.1.1/lib/python3.10/site-packages",
      "/home/runner/workspace/.pythonlibs/lib/python3.10/site-packages/setuptools/_vendor"
    ],
    "platform": "linux",
    "prefix": "/nix/store/qlb1pg370bb647nj4dhc81y2jszvciz7-python3-3.10.16",
    "real_prefix": null,
    "stdout_encoding": "utf-8",
    "sysconfig": {
      "makefile_filename": "/nix/store/qlb1pg370bb647nj4dhc81y2jszvciz7-python3-3.10.16/lib/python3.10/config-3.10-x86_64-linux-gnu/Makefile"
    },
    "sysconfig_paths": {
      "data": "{base}",
      "include": "{installed_base}/include/python{py_version_short}{abiflags}",
      "platlib": "{platbase}/{platlibdir}/python{py_version_short}/site-packages",
      "platstdlib": "{platbase}/{platlibdir}/python{py_version_short}",
      "purelib": "{base}/lib/python{py_version_short}/site-packages",
      "scripts": "{base}/bin",
      "stdlib": "{installed_base}/{platlibdir}/python{py_version_short}"
    },
    "sysconfig_scheme": null,
    "sysconfig_vars": {
      "PYTHONFRAMEWORK": "",
      "abiflags": "",
      "base": "/nix/store/qlb1pg370bb647nj4dhc81y2jszvciz7-python3-3.10.16",
      "installed_base": "/nix/store/qlb1pg370bb647nj4dhc81y2jszvciz7-python3-3.10.16",
      "platbase": "/nix/store/qlb1pg370bb647nj4dhc81y2jszvciz7-python3-3.10.16",
      "platlibdir": "lib",
      "py_version_short": "3.10"
    },
    "system_executable": "/nix/store/qlb1pg370bb647nj4dhc81y2jszvciz7-python3-3.10.16/bin/python3.10",
    "system_stdlib": "/nix/store/qlb1pg370bb647nj4dhc81y2jszvciz7-python3-3.10.16/lib/python3.10",
    "system_stdlib_platform": "/nix/store/qlb1pg370bb647nj4dhc81y2jszvciz7-python3-3.10.16/lib/python3.10",
    "version": "3.10.16 (main, Dec  3 2024, 17:27:57) [GCC 13.3.0]",
    "version_info": {
      "major": 3,
      "micro": 16,
      "minor": 10,
      "releaselevel": "final",
      "serial": 0
    },
    "version_nodot": "310"
  },
  "path": "/nix/store/qlb1pg370bb647nj4dhc81y2jszvciz7-python3-3.10.16/bin/python3.10",
  "st_mtime": 1.0
}